{"learning_rate": 3.75e-05, "_timestamp": 1717039689.2232053, "_runtime": 23354.5147292614, "_step": 599, "Validation Loss": 0.08017408251404189, "Average Mean IoU": 0.7295536398887634, "IoU scores for Fish": 0.4934820532798767, "Pixel Accuracy": 0.9690525917280783, "Mean Pixel Accuracy": 0.7852365650489899, "Pixel Accuracy for Fish": 0.5798057552817739, "Precision for Fish": 0.7437809198655697, "Recall for Fish": 0.5798057552817739, "F1 Score for Fish": 0.6349283658806072, "_wandb": {"runtime": 23353}}