{"learning_rate": 0.00375, "_timestamp": 1717016146.6136549, "_runtime": 7867.605304956436, "_step": 201, "Validation Loss": 0.09688511342168428, "Average Mean IoU": 0.7065709233283997, "IoU scores for Fish": 0.4065713584423065, "Pixel Accuracy": 0.9603003826770149, "Mean Pixel Accuracy": 0.7800317014453901, "Pixel Accuracy for Fish": 0.5777456076260725, "Precision for Fish": 0.6664217941903847, "Recall for Fish": 0.5777456076260725, "F1 Score for Fish": 0.603174317564017}